{"cameraMode":{"drawMode":0,"name":"Shaded","section":"Shading Mode"},"sceneLighting":true,"audioPlay":false,"sceneViewState":{"showFog":true,"showMaterialUpdate":false,"showSkybox":true,"showFlares":true,"showImageEffects":true,"showParticleSystems":true},"in2DMode":false,"pivot":{"x":0.17208336293697358,"y":0.35170432925224306,"z":2.8284285068511965},"rotation":{"x":0.26645082235336306,"y":-0.044220034033060077,"z":0.012238344177603722,"w":0.9627569317817688},"size":2.199544906616211,"orthographic":true}