{"cameraMode":{"drawMode":0,"name":"Shaded","section":"Shading Mode"},"sceneLighting":true,"audioPlay":false,"sceneViewState":{"showFog":true,"showMaterialUpdate":false,"showSkybox":true,"showFlares":true,"showImageEffects":true,"showParticleSystems":true},"in2DMode":false,"pivot":{"x":9.001827239990235,"y":0.7761020660400391,"z":6.342320442199707},"rotation":{"x":0.2759314477443695,"y":-0.5663008689880371,"z":0.20890921354293824,"w":0.7480387687683106},"size":7.5666022300720219,"orthographic":true}