{"cameraMode":{"drawMode":0,"name":"Shaded","section":"Shading Mode"},"sceneLighting":true,"audioPlay":false,"sceneViewState":{"showFog":true,"showMaterialUpdate":false,"showSkybox":true,"showFlares":true,"showImageEffects":true,"showParticleSystems":true},"in2DMode":false,"pivot":{"x":2.8932266235351564,"y":3.990945816040039,"z":-3.3882980346679689},"rotation":{"x":0.2148224264383316,"y":-0.563448965549469,"z":0.15466374158859254,"w":0.7826041579246521},"size":8.905706405639649,"orthographic":true}