{"cameraMode":{"drawMode":0,"name":"Shaded","section":"Shading Mode"},"sceneLighting":true,"audioPlay":false,"sceneViewState":{"showFog":true,"showMaterialUpdate":false,"showSkybox":true,"showFlares":true,"showImageEffects":true,"showParticleSystems":true},"in2DMode":false,"pivot":{"x":0.34293556213378909,"y":-3.043680191040039,"z":5.49802827835083},"rotation":{"x":0.3590085804462433,"y":-0.49122947454452517,"z":0.23240210115909577,"w":0.7588416934013367},"size":4.444760322570801,"orthographic":true}