{"cameraMode":{"drawMode":0,"name":"Shaded","section":"Shading Mode"},"sceneLighting":true,"audioPlay":false,"sceneViewState":{"showFog":true,"showMaterialUpdate":false,"showSkybox":true,"showFlares":true,"showImageEffects":true,"showParticleSystems":true},"in2DMode":false,"pivot":{"x":2.8165340423583986,"y":1.2530813217163087,"z":7.007698059082031},"rotation":{"x":0.0569428987801075,"y":-0.6297274231910706,"z":0.04636852815747261,"w":0.7733381986618042},"size":11.049612045288086,"orthographic":false}