{"cameraMode":{"drawMode":0,"name":"Shaded","section":"Shading Mode"},"sceneLighting":true,"audioPlay":false,"sceneViewState":{"showFog":true,"showMaterialUpdate":false,"showSkybox":true,"showFlares":true,"showImageEffects":true,"showParticleSystems":true},"in2DMode":false,"pivot":{"x":0.34293556213378909,"y":-3.043680191040039,"z":5.49802827835083},"rotation":{"x":0.22948068380355836,"y":-0.75310879945755,"z":0.33306926488876345,"w":0.5188820958137512},"size":5.543636798858643,"orthographic":true}