{"cameraMode":{"drawMode":0,"name":"Shaded","section":"Shading Mode"},"sceneLighting":true,"audioPlay":false,"sceneViewState":{"showFog":true,"showMaterialUpdate":false,"showSkybox":true,"showFlares":true,"showImageEffects":true,"showParticleSystems":true},"in2DMode":false,"pivot":{"x":1.0919181108474732,"y":0.6055260300636292,"z":-0.13883855938911439},"rotation":{"x":-0.159311905503273,"y":0.2778237760066986,"z":-0.04679176211357117,"w":-0.9462019205093384},"size":0.5417046546936035,"orthographic":false}