{"cameraMode":{"drawMode":0,"name":"Shaded","section":"Shading Mode"},"sceneLighting":true,"audioPlay":false,"sceneViewState":{"showFog":true,"showMaterialUpdate":false,"showSkybox":true,"showFlares":true,"showImageEffects":true,"showParticleSystems":true},"in2DMode":false,"pivot":{"x":1.4331300258636475,"y":1.2315139770507813,"z":1.897493600845337},"rotation":{"x":-0.3579539656639099,"y":0.3792405128479004,"z":-0.16207154095172883,"w":-0.8377565741539002},"size":5.810567855834961,"orthographic":false}