{"cameraMode":{"drawMode":0,"name":"Shaded","section":"Shading Mode"},"sceneLighting":true,"audioPlay":false,"sceneViewState":{"showFog":true,"showMaterialUpdate":false,"showSkybox":true,"showFlares":true,"showImageEffects":true,"showParticleSystems":true},"in2DMode":false,"pivot":{"x":1.3553946018218995,"y":0.0961865484714508,"z":1.5190008878707886},"rotation":{"x":0.24919497966766358,"y":-0.4950467646121979,"z":0.15069858729839326,"w":0.8186102509498596},"size":7.498227596282959,"orthographic":true}